Nombre,Ap Paterno,Ap Materno,CURP,Fecha Nac,Sexo (M/F),Correo,Calle,No Int,No Ext,Colonia,CP,Ciudad,Estado,TelÈfono,Celular,Foto,No Ctrl,ID Carrera,Plan de estudios,Semestre,Num Familiar,Nombre Familiar,ContraseÒa,Activo
Rose,Bush,Head,3233681,1999-07-23,M,tortor.nibh.sit@euaccumsan.ca,4774 At Rd.,296,526,Alguna,63700,Wa≈Çbrzych,Ontario,9596484575,7118276585,jumtest.jpg,10001,adm,volutpat ornare  facilisis eget  ipsum. Donec sollicitudin adipiscing ligula. Aenean,1,8178700587,Beverly Castaneda,Sed nec metus facilisis lorem tristique aliquet.,1
Hillary,Rose,Sullivan,9533861,1999-07-24,M,lectus.pede@scelerisquescelerisquedui.org,P.O. Box 136  3107 In Rd.,414,453,San JosÈ,38606,Mata de Pl√°tano,ST,6380706347,6062476957,jumtest.jpg,10002,mer,sem magna nec quam. Curabitur vel lectus. Cum sociis natoque,1,487808103,Odysseus Roberson,pellentesque eget  dictum placerat  augue. Sed molestie. Sed id,1
Eaton,Farley,Vaughn,7221253,1999-07-25,F,aliquet.lobortis.nisi@Maecenasmi.com,8750 Metus. St.,3,968,Quebec,7044,Pierrefonds,Anambra,5041078053,1398995901,jumtest.jpg,10003,for,magnis dis parturient montes  nascetur ridiculus mus. Aenean eget magna.,1,8707795187,Cole Reid,sagittis semper. Nam tempor diam dictum,1
Orla,Myers,Dalton,4167121,1999-07-26,M,orci@imperdiet.net,734-1211 Quam Rd.,166,959,TN,456104,Vellore,Toscana,7386178117,4727949789,jumtest.jpg,10004,anim,urna  nec luctus felis purus ac tellus. Suspendisse sed dolor.,1,4854401486,Shellie Gutierrez,convallis ligula. Donec luctus aliquet odio. Etiam,1
James,Sheppard,Morgan,7973323,1999-07-27,M,auctor@ornareFusce.org,Ap #500-1654 Ornare  Avenue,254,547,ACT,30454,Canberra,≈ûanlƒ±urfa,7263198985,1705525601,jumtest.jpg,10005,anim,massa. Integer vitae nibh. Donec est mauris  rhoncus id  mollis,1,3720104348,April Wiggins,ac metus vitae velit egestas lacinia.,1
Alea,Love,Tate,2387729,1999-07-28,M,Mauris.nulla@ut.net,P.O. Box 962  2824 Lacus Street,815,931,Cartago,42497,San Diego,Arkansas,2333687165,121819688,jumtest.jpg,10006,arq,aliquet  metus urna convallis erat  eget tincidunt dui augue eu,1,9832042038,Kiayada Burke,sem ut cursus luctus  ipsum leo elementum,1
Regan,Lawrence,Cantu,2718102,1999-07-29,F,et.risus@nisiaodio.edu,P.O. Box 114  2349 Ultrices. Ave,7,33,SIC,9931,Termini Imerese,New South Wales,8527130548,4462149442,jumtest.jpg,10007,mer,enim. Sed nulla ante  iaculis nec  eleifend non  dapibus rutrum ,1,2876743460,Geraldine Cruz,feugiat metus sit amet ante. Vivamus non,1
Nicole,Barber,Evans,8592510,1999-07-30,F,dapibus.quam@Donecvitae.ca,272-3154 Ante Ave,346,186,IL,0880 MJ,Courbevoie,Mersin,7729709004,5527540413,jumtest.jpg,10008,ind,mauris id sapien. Cras dolor dolor  tempus non  lacinia at ,1,2267493121,Isaiah Roman,odio semper cursus. Integer mollis. Integer,1
Oscar,Fulton,Norman,2923154,1999-07-31,F,Curabitur@Donecelementumlorem.edu,308-7386 Parturient Rd.,857,94,QC,26504,Maria,Magallanes y Ant√°rtica Chilena,4822664911,5434823348,jumtest.jpg,10009,fis,magna a tortor. Nunc commodo auctor velit. Aliquam nisl. Nulla,1,7921312915,Derek Lee,ornare tortor at risus. Nunc ac sem ut dolor dapibus,1
Ebony,Berry,Gilliam,6772354,1999-08-01,M,nisi.Aenean.eget@est.org,300-4634 Vel St.,101,72,Australian Capital Territory,66959,Canberra,Ma≈Çopolskie,9427780109,9470007982,jumtest.jpg,10010,anim,lectus  a sollicitudin orci sem eget massa. Suspendisse eleifend. Cras,1,5609466920,Gail Mccullough,neque. Nullam ut nisi a odio semper,1
Reese,Carroll,Snow,8438162,1999-08-02,M,at.sem@Integer.com,P.O. Box 942  1707 Metus. Road,848,234,Zl,876348,Sluis,CV,9766238598,8227866289,jumtest.jpg,10011,neg,at arcu. Vestibulum ante ipsum primis in faucibus orci luctus,1,9995926229,Risa Pickett,magna. Sed eu eros. Nam consequat dolor vitae,1
Sylvester,Conley,Wynn,6584291,1999-08-03,F,semper.tellus.id@Duisdignissimtempor.co.uk,338-3514 Consectetuer Rd.,222,302,Washington,6925,Tacoma,CA,2506915674,1374878753,jumtest.jpg,10012,der,scelerisque sed  sapien. Nunc pulvinar arcu et pede. Nunc sed,1,9806288249,Chadwick Cline,ultricies adipiscing  enim mi tempor lorem  eget mollis lectus,1
Grace,Jennings,Wheeler,378008,1999-08-04,F,rhoncus@nullavulputatedui.org,6775 Pharetra Av.,677,27,VIC,60676-122,Horsham,O,4705614609,9585969811,jumtest.jpg,10013,neg,ullamcorper. Duis at lacus. Quisque purus sapien  gravida non  sollicitudin,1,1572645951,Kato Weiss,ac mattis ornare  lectus ante dictum mi  ac mattis,1
Emerald,Ramirez,Rush,6918771,1999-08-05,M,eget.tincidunt.dui@odio.ca,7423 Orci Avenue,574,258,ƒ∞zmir,7268,Tire,CN,9783932390,8129484995,jumtest.jpg,10014,adm,ultrices  mauris ipsum porta elit  a feugiat tellus lorem eu,1,9994442110,Sybill Goodwin,lobortis tellus justo sit amet nulla. Donec,1
Lewis,Spencer,Gibbs,9122259,1999-08-06,F,quis.diam.Pellentesque@risus.ca,Ap #997-1640 Tincidunt. St.,354,321,PUG,9420,Castri di Lecce,British Columbia,3070035658,2117017525,jumtest.jpg,10015,der,Cum sociis natoque penatibus et magnis dis parturient montes  nascetur,1,4284334053,Bethany Horn,lorem ut aliquam iaculis  lacus pede sagittis,1
Allen,Ferguson,Woods,2329848,1999-08-07,M,massa.Mauris@lacusQuisque.com,P.O. Box 910  8607 Libero St.,674,965,OR,29675-471,Gresham,U,659482973,2227985676,jumtest.jpg,10016,arq,Nulla eget metus eu erat semper rutrum. Fusce dolor quam ,1,9430031936,Joan Soto,mauris sit amet lorem semper auctor. Mauris vel,1
Rhoda,Ramos,Mckinney,607719,1999-08-08,M,amet.risus@lobortisauguescelerisque.net,Ap #708-3741 Semper St.,101,2,Lubelskie,4502,Che≈Çm,A,863990006,8444410039,jumtest.jpg,10017,neg,enim  gravida sit amet  dapibus id  blandit at  nisi. Cum,1,5928480244,Idola Mckenzie,lacus. Aliquam rutrum lorem ac risus. Morbi metus.,1
Jayme,Thomas,Doyle,8988728,1999-08-09,M,justo@pedenecante.co.uk,797-3790 Nec  Road,971,7,JK,4711,Jammu,North Island,8136256411,2311590144,jumtest.jpg,10018,adm,Suspendisse non leo. Vivamus nibh dolor  nonummy ac  feugiat non ,1,1521457318,Dustin Cantrell,ultrices iaculis odio. Nam interdum enim non nisi.,1
Sybil,Holman,Love,4792754,1999-08-10,F,elit@sempererat.com,Ap #702-1828 Eu Rd.,497,978,Languedoc-Roussillon,52-347,Narbonne,Luik,8782702644,4339738998,jumtest.jpg,10019,for,Duis risus odio  auctor vitae  aliquet nec  imperdiet nec  leo.,1,7064339271,Genevieve Compton,amet  consectetuer adipiscing elit. Etiam laoreet  libero et tristique,1
Denise,Rios,Solis,9639636,1999-08-11,M,auctor.velit@duiin.co.uk,880-723 Odio. St.,360,101,Stockholms l√§n,15655,S√∂dert√§lje,Orkney,6856007205,6435090026,jumtest.jpg,10020,adm,semper cursus. Integer mollis. Integer tincidunt aliquam arcu. Aliquam ultrices,1,2144218130,Sigourney Paul,a odio semper cursus. Integer mollis. Integer tincidunt,1
Judah,Guerra,Roach,8508537,1999-08-12,F,at@veliteu.co.uk,P.O. Box 935  3426 Aliquet St.,238,595,Leinster,N8M 4CV,Dublin,CAL,8604401540,3660161310,jumtest.jpg,10021,fis,pede. Nunc sed orci lobortis augue scelerisque mollis. Phasellus libero,1,632664521,Giacomo Murphy,libero lacus  varius et  euismod et  commodo,1
Emerald,Miles,Goff,4713,1999-08-13,F,Donec.non.justo@massa.org,Ap #280-9385 Tellus. Street,790,707,Lubuskie,922172,Gorz√≥w Wielkopolski,New South Wales,2621364222,3231018065,jumtest.jpg,10022,for,non sapien molestie orci tincidunt adipiscing. Mauris molestie pharetra nibh.,1,9586856860,Rhiannon Carr,tellus id nunc interdum feugiat. Sed nec metus facilisis,1
Baker,Bass,Roach,6428733,1999-08-14,F,at@sodaleselit.com,P.O. Box 165  3378 Pulvinar Road,660,14,Assam,8458,Dibrugarh,BC,2850769655,2486461953,jumtest.jpg,10023,der,Pellentesque habitant morbi tristique senectus et netus et malesuada fames,1,589569132,Emma Manning,Cum sociis natoque penatibus et magnis dis parturient montes ,1
Mark,Schneider,Park,3111327,1999-08-15,F,dictum@purusDuis.co.uk,361-6510 Vel Street,948,846,SJ,5053,Curridabat,≈ûanlƒ±urfa,7206220635,9802784414,jumtest.jpg,10024,adm,elementum  lorem ut aliquam iaculis  lacus pede sagittis augue  eu,1,8260560144,Jin Mathews,eleifend non  dapibus rutrum  justo. Praesent,1
Hanna,Albert,Stanton,2454168,1999-08-16,F,aliquet.odio.Etiam@nequevitae.org,P.O. Box 379  9213 Rhoncus. Av.,538,183,Sam,4146,Samsun,CH,3889236296,9162089532,jumtest.jpg,10025,arq,molestie orci tincidunt adipiscing. Mauris molestie pharetra nibh. Aliquam ornare ,1,2793443348,Selma Atkinson,blandit enim consequat purus. Maecenas libero,1
Sonya,Henson,Schwartz,5732525,1999-08-17,M,vitae.aliquet.nec@ornareFuscemollis.com,Ap #406-9623 Massa Ave,260,562,Murcia,01-233,Murcia,Kansas,9208292174,7357319004,jumtest.jpg,10026,fis,Donec tempus  lorem fringilla ornare placerat  orci lacus vestibulum lorem ,1,3874411272,Francesca Richardson,Etiam ligula tortor  dictum eu  placerat eget ,1
Steven,Grant,Cash,7563689,1999-08-18,F,Ut.tincidunt@orci.net,4821 Cursus Avenue,675,389,PB,88-664,Campina Grande,H,5569952906,6203137349,jumtest.jpg,10027,mer,ipsum leo elementum sem  vitae aliquam eros turpis non enim.,1,4039442737,Raphael Rush,nascetur ridiculus mus. Proin vel nisl. Quisque fringilla,1
Walter,Curry,Pierce,7602405,1999-08-19,F,Fusce.mollis.Duis@Suspendisse.co.uk,5620 Amet Street,216,934,Metropolitana de Santiago,50307,San Pedro,Los R√≠os,4054670966,1803687061,jumtest.jpg,10028,isc,sit amet lorem semper auctor. Mauris vel turpis. Aliquam adipiscing,1,3767680248,Rajah Mckinney,mattis velit justo nec ante. Maecenas mi felis ,1
Casey,Valdez,Morris,910106,1999-08-20,F,nec.leo.Morbi@ultrices.co.uk,P.O. Box 634  9838 Pellentesque Street,778,959,Wisconsin,3543,Milwaukee,Noord Holland,6928665076,3740582190,jumtest.jpg,10029,fis,Quisque tincidunt pede ac urna. Ut tincidunt vehicula risus. Nulla,1,7425216621,Noah Short,morbi tristique senectus et netus et malesuada fames ac,1
Shea,Schroeder,Trevino,2277082,1999-08-21,M,arcu.Nunc@orcisemeget.net,785-3666 Lectus Street,156,679,Hamburg,745784,Hamburg,PD,7547673441,8160377525,jumtest.jpg,10030,for,at sem molestie sodales. Mauris blandit enim consequat purus. Maecenas,1,8638577800,Judah Frye,Lorem ipsum dolor sit amet  consectetuer adipiscing,1
Cooper,Jarvis,Rodriguez,2106250,1999-08-22,M,quam.Pellentesque.habitant@augue.com,9223 Varius Rd.,439,300,√ñsterg√∂tlands l√§n,69726,Link√∂ping,Languedoc-Roussillon,9468125089,7553592933,jumtest.jpg,10031,der,erat volutpat. Nulla dignissim. Maecenas ornare egestas ligula. Nullam feugiat,1,6886681540,Halla Ross,commodo at  libero. Morbi accumsan laoreet,1
Yael,Christensen,Mckinney,6438042,1999-08-23,M,magnis.dis.parturient@lobortisrisusIn.net,924-3281 At  Av.,456,735,L,3595 TS,Dublin,Arkansas,6124436044,7351663552,jumtest.jpg,10032,for,dignissim tempor arcu. Vestibulum ut eros non enim commodo hendrerit.,1,7143966476,Rina Kent,tincidunt congue turpis. In condimentum. Donec at arcu.,1
Katelyn,Lara,Donaldson,9042653,1999-08-24,F,id.libero@egestasnunc.ca,903-4303 Odio. Rd.,502,256,LOM,51159,Ripalta Guerina,Zl,5937289336,8641690592,jumtest.jpg,10033,ind,Ut semper pretium neque. Morbi quis urna. Nunc quis arcu,1,3240223899,Yolanda Petty,Phasellus vitae mauris sit amet lorem,1
Ainsley,Bond,Hardin,5509810,1999-08-25,F,Donec.tincidunt@molestiedapibus.edu,P.O. Box 726  9440 Convallis Avenue,930,86,San Jos√©,81551,Patalillo,IL,1082507334,6883187990,jumtest.jpg,10034,neg,scelerisque mollis. Phasellus libero mauris  aliquam eu  accumsan sed  facilisis,1,748309942,Illana Duke,sagittis. Duis gravida. Praesent eu nulla at sem,1
Kirsten,Mathis,Oneal,1875230,1999-08-26,F,ultrices.iaculis@egestasFuscealiquet.net,P.O. Box 757  7940 Tortor Rd.,439,331,Sokoto,60501,Sokoto,Wie,4899956429,4064829447,jumtest.jpg,10035,for,sed dictum eleifend  nunc risus varius orci  in consequat enim,1,4307298451,Castor Newman,Duis at lacus. Quisque purus sapien  gravida non  sollicitudin,1
Neville,Crosby,Kaufman,3870664,1999-08-27,F,Duis@ligulaNullamenim.com,6997 Nulla. Av.,289,247,HB,XD1 4EL,Bremerhaven,Aquitaine,3798406358,6897169993,jumtest.jpg,10036,fis,est. Mauris eu turpis. Nulla aliquet. Proin velit. Sed malesuada,1,1394825572,Ignatius Glass,vestibulum lorem  sit amet ultricies sem magna nec quam. Curabitur,1
Phoebe,Gardner,Nash,7403141,1999-08-28,F,massa.Integer.vitae@Etiambibendum.org,P.O. Box 156  1422 Pharetra Road,806,61,Ma≈Çopolskie,11526,Tarn√≥w,Ontario,7663624268,5273903936,jumtest.jpg,10037,adm,eu augue porttitor interdum. Sed auctor odio a purus. Duis,1,9791622474,Taylor Cook,ante lectus convallis est  vitae sodales nisi magna sed,1
Zeus,Drake,Hyde,1705281,1999-08-29,M,Proin@liberoDonecconsectetuer.com,548-4215 Donec St.,314,29,G√§vleborgs l√§n,2557,S√∂derhamn,WV,5509059658,7348655920,jumtest.jpg,10038,adm,nunc id enim. Curabitur massa. Vestibulum accumsan neque et nunc.,1,2696548251,Willow Key,non nisi. Aenean eget metus. In nec orci.,1
Ferris,Cannon,Pruitt,9891252,1999-08-30,F,sapien.Cras.dolor@ligula.net,2126 Vitae St.,156,779,Ov,AC9Q 2WM,Oldenzaal,Victoria,2001718487,7457842016,jumtest.jpg,10039,for,semper egestas  urna justo faucibus lectus  a sollicitudin orci sem,1,3812257113,Gray Bell,orci lobortis augue scelerisque mollis. Phasellus libero,1
Yardley,Rosales,Wyatt,934215,1999-08-31,M,dolor@eratEtiam.org,1432 Id Road,867,41,KY,Y34 0PF,Frankfort,Zeeland,1340317507,1685597559,jumtest.jpg,10040,for,eu dui. Cum sociis natoque penatibus et magnis dis parturient,1,7684417006,Carlos Boyd,vulputate dui  nec tempus mauris erat eget ipsum. Suspendisse,1
Tanya,Russo,Morton,9465021,1999-09-01,F,justo.sit@consectetuercursus.edu,Ap #609-4344 Dictum St.,736,256,Catalunya,5447,Lleida,Aquitaine,2465678922,7662339640,jumtest.jpg,10041,mer,tempor augue ac ipsum. Phasellus vitae mauris sit amet lorem,1,525338477,Shaeleigh Neal,a odio semper cursus. Integer mollis. Integer,1
Avye,Brock,Acevedo,3984528,1999-09-02,M,ipsum.primis.in@vehicula.co.uk,474-812 Lectus. Rd.,715,603,Connacht,76707,Galway,SJ,4597369669,3024340096,jumtest.jpg,10042,anim,vitae odio sagittis semper. Nam tempor diam dictum sapien. Aenean,1,8515576662,Felix Marshall,nec tempus scelerisque  lorem ipsum sodales,1
Wendy,David,Carter,5785892,1999-09-03,M,justo.sit.amet@Nulla.com,5620 Proin Rd.,517,272,OV,920472,Wondelgem,≈ûanlƒ±urfa,7735896753,8726359203,jumtest.jpg,10043,adm,nostra  per inceptos hymenaeos. Mauris ut quam vel sapien imperdiet,1,1718530309,Sylvia Nichols,Sed dictum. Proin eget odio. Aliquam vulputate ullamcorper magna. Sed,1
Cain,Smith,Wong,7727963,1999-09-04,F,purus.mauris.a@faucibus.ca,901-1067 Sit St.,922,21,Heredia,G8C 6X1,San Francisco,Ulster,6656119621,826435402,jumtest.jpg,10044,adm,gravida. Praesent eu nulla at sem molestie sodales. Mauris blandit,1,2111173899,Chaney Cherry,aliquet  sem ut cursus luctus  ipsum leo elementum,1
Sean,Lindsey,Mcgowan,6778556,1999-09-05,M,Nunc.ullamcorper@risus.org,4358 Feugiat Ave,2,881,Minas Gerais,83223,Belo Horizonte,Hampshire,7127073904,6836103638,jumtest.jpg,10045,ind,Maecenas ornare egestas ligula. Nullam feugiat placerat velit. Quisque varius.,1,3430600246,Michael Daniels,accumsan laoreet ipsum. Curabitur consequat  lectus,1
Eve,Montoya,Harrell,4402660,1999-09-06,F,amet@disparturient.org,1706 Nec  Street,221,865,Vienna,27915,Vienna,South Australia,153746552,7833711709,jumtest.jpg,10046,isc,nascetur ridiculus mus. Aenean eget magna. Suspendisse tristique neque venenatis,1,3832810190,Mark Richardson,eu  euismod ac  fermentum vel  mauris. Integer sem elit ,1
Rae,Ramirez,Herrera,2009046,1999-09-07,M,sit.amet.faucibus@molestieorci.com,P.O. Box 808  3757 Pede Street,948,388,F,4576,J√∂nk√∂ping,Luxemburg,6777488656,7905309038,jumtest.jpg,10047,fis,arcu. Vivamus sit amet risus. Donec egestas. Aliquam nec enim.,1,3332215680,Barrett Harrison,tellus. Suspendisse sed dolor. Fusce mi lorem  vehicula,1
Melyssa,Crawford,Santos,4268040,1999-09-08,M,vitae@parturient.co.uk,Ap #313-5310 Vitae Avenue,569,575,Buckinghamshire,31-513,Milton Keynes,Noord Holland,3374692222,8915615788,jumtest.jpg,10048,isc,nec  diam. Duis mi enim  condimentum eget  volutpat ornare  facilisis,1,4613136521,Alma White,Etiam ligula tortor  dictum eu  placerat,1
Ivan,Robinson,Small,5771814,1999-09-09,M,eu.placerat.eget@Namnulla.ca,318-9840 Nascetur Av.,239,98,Michigan,5738 PP,Lansing,San Jos√©,9090496335,4345248114,jumtest.jpg,10049,for,euismod urna. Nullam lobortis quam a felis ullamcorper viverra. Maecenas,1,8840006526,Sandra Johnson,Praesent eu nulla at sem molestie sodales.,1
Alisa,Whitaker,Holcomb,6671743,1999-09-10,M,Phasellus.libero@mauris.edu,776-8603 Rhoncus. Av.,70,387,Hamburg,17-703,Hamburg,Wie,2456787484,3851304345,jumtest.jpg,10050,for,leo. Morbi neque tellus  imperdiet non  vestibulum nec  euismod in ,1,1336211481,Levi Leon,nunc. In at pede. Cras vulputate,1
Dawn,Atkins,Kidd,6957872,1999-09-11,F,posuere.at@duiSuspendisseac.org,Ap #586-5695 Ornare  Av.,459,824,SI,50106,Westport,CV,7427860121,7828153086,jumtest.jpg,10051,arq,Morbi neque tellus  imperdiet non  vestibulum nec  euismod in  dolor.,1,7898057312,Stella Miranda,dictum placerat  augue. Sed molestie. Sed id risus quis diam,1
Darius,Strickland,Stanton,4401435,1999-09-12,F,Sed@dolorsitamet.org,5661 Neque St.,867,20,NI,96064,Seevetal,North Rhine-Westphalia,6910817349,4196931924,jumtest.jpg,10052,ind,dui  in sodales elit erat vitae risus. Duis a mi,1,7337656590,Nolan Contreras,consequat nec  mollis vitae  posuere at  velit. Cras lorem lorem ,1
Mohammad,Ward,Lyons,548730,1999-09-13,M,id.enim@dictumeleifend.ca,P.O. Box 710  5400 Proin Road,963,691,Vienna,K9H 9A8,Vienna,Manitoba,7148788809,2498823498,jumtest.jpg,10053,arq,Nunc lectus pede  ultrices a  auctor non  feugiat nec  diam.,1,6334752706,Bevis Hardy,et magnis dis parturient montes  nascetur,1
Hakeem,Graves,Henderson,2778311,1999-09-14,M,et.ultrices.posuere@aliquamenimnec.com,275 Arcu Road,189,487,Berlin,143377,Berlin,IL,2683999997,3782064513,jumtest.jpg,10054,fis,nisi magna sed dui. Fusce aliquam  enim nec tempus scelerisque ,1,5024526655,Callum Dotson,cursus. Nunc mauris elit  dictum eu  eleifend nec ,1
Bertha,Nolan,Boyer,4616553,1999-09-15,F,sodales.elit@miacmattis.co.uk,4864 Vivamus Avenue,956,456,QC,242337,Labrecque,Dalarnas l√§n,3441986381,3783394043,jumtest.jpg,10055,neg,ornare lectus justo eu arcu. Morbi sit amet massa. Quisque,1,6378716692,Bernard Moreno,ante bibendum ullamcorper. Duis cursus  diam at pretium,1
Suki,Lee,Gordon,3003608,1999-09-16,F,eu@mitempor.edu,Ap #530-7331 Enim. Rd.,270,956,Andaluc√≠a,33765-235,Marbella,ON,2434700117,2210058460,jumtest.jpg,10056,mer,cursus purus. Nullam scelerisque neque sed sem egestas blandit. Nam,1,3005854273,Scarlet Gallegos,ipsum. Curabitur consequat  lectus sit amet luctus vulputate  nisi,1
Serina,Burt,Jordan,1259352,1999-09-17,M,elit.Etiam.laoreet@quamCurabitur.com,Ap #754-2747 Eget Ave,389,57,RJ,951741,Petr√≥polis,BE,1939089687,984604150,jumtest.jpg,10057,arq,interdum ligula eu enim. Etiam imperdiet dictum magna. Ut tincidunt,1,5580993503,Moses Perry,cursus. Nunc mauris elit  dictum eu  eleifend nec ,1
Myles,Langley,Tucker,8741975,1999-09-18,M,et@ultrices.com,307-9391 Aenean St.,796,69,Vienna,08643-423,Vienna,S√£o Paulo,7182353279,4737570890,jumtest.jpg,10058,adm,non  vestibulum nec  euismod in  dolor. Fusce feugiat. Lorem ipsum,1,3949289308,Derek Harrington,Cras eget nisi dictum augue malesuada malesuada.,1
Morgan,Montoya,Lambert,4894182,1999-09-19,F,cursus@quis.co.uk,419-5757 Vestibulum St.,622,347,NA,30376,Auldearn,Monmouthshire,455965446,92350814,jumtest.jpg,10059,fis,lorem  eget mollis lectus pede et risus. Quisque libero lacus ,1,7690651563,Chancellor Oneill,fringilla mi lacinia mattis. Integer eu lacus.,1
Ori,Kelley,Weiss,1813147,1999-09-20,F,dictum.sapien@semvitae.org,808-9213 Erat. Street,13,776,BE,2738,Duns,Ontario,165961122,8260510464,jumtest.jpg,10060,ind,risus. Nulla eget metus eu erat semper rutrum. Fusce dolor,1,2778524170,Wynne Kirkland,tempor bibendum. Donec felis orci  adipiscing non  luctus sit,1
Brenna,Warren,Odonnell,8982599,1999-09-21,F,non@bibendumsedest.co.uk,967-682 Ante. Rd.,82,676,NSW,96-876,Wagga Wagga,Maine,174770069,6582877478,jumtest.jpg,10061,der,Cras vulputate velit eu sem. Pellentesque ut ipsum ac mi,1,310519871,Reece Murphy,sed pede nec ante blandit viverra. Donec tempus  lorem,1
Emma,Hutchinson,Harding,2394117,1999-09-22,M,nibh.dolor.nonummy@pharetrautpharetra.edu,Ap #806-8590 At Av.,355,989,SC,307325,Itaja√≠,KS,2978475507,8334198452,jumtest.jpg,10062,anim,Mauris blandit enim consequat purus. Maecenas libero est  congue a ,1,9694612488,Axel Vargas,velit. Pellentesque ultricies dignissim lacus. Aliquam,1
Cecilia,Eaton,Sheppard,5324542,1999-09-23,F,elementum.purus.accumsan@eudolor.co.uk,308 Laoreet  St.,825,266,Vienna,77751-269,Vienna,Ma≈Çopolskie,9455814388,2728244429,jumtest.jpg,10063,mer,Ut sagittis lobortis mauris. Suspendisse aliquet molestie tellus. Aenean egestas,1,3942885950,Kylynn Cummings,Fusce feugiat. Lorem ipsum dolor sit amet  consectetuer adipiscing,1
Shelley,Rose,Mcfarland,9654480,1999-09-24,F,sed.consequat@etmagnisdis.net,9142 Lectus St.,609,370,San Jos√©,2286,Patalillo,Noord Brabant,3240411538,2698129487,jumtest.jpg,10064,mer,nascetur ridiculus mus. Aenean eget magna. Suspendisse tristique neque venenatis,1,9985995977,Curran Barron,sed  sapien. Nunc pulvinar arcu et pede. Nunc,1
Arden,Stein,Quinn,9169770,1999-09-25,M,scelerisque.dui.Suspendisse@mollis.ca,5867 Lorem  Ave,126,757,Ank,97102-209,≈ûerefliko√ßhisar,Konya,2228894001,5943886021,jumtest.jpg,10065,neg,pellentesque a  facilisis non  bibendum sed  est. Nunc laoreet lectus,1,3065483436,Indigo Hooper,habitant morbi tristique senectus et netus,1
Clare,Leblanc,Flynn,7237999,1999-09-26,M,at@imperdietnonvestibulum.net,110-5555 Penatibus Street,222,375,Metropolitana de Santiago,4793,Alhu√©,Ist,5865647543,252651678,jumtest.jpg,10066,for,semper rutrum. Fusce dolor quam  elementum at  egestas a  scelerisque,1,4372412633,Hoyt Mccullough,sociis natoque penatibus et magnis dis,1
Malcolm,Gardner,Kirby,4497049,1999-09-27,M,aliquet.sem@Phasellus.ca,5884 Quisque Rd.,387,528,QLD,2769,Gold Coast,S√£o Paulo,2888061096,5294257806,jumtest.jpg,10067,fis,ultricies ligula. Nullam enim. Sed nulla ante  iaculis nec  eleifend,1,3180044042,Sarah Calderon,adipiscing lobortis risus. In mi pede  nonummy ut  molestie,1
Regan,Marsh,Conrad,2877166,1999-09-28,F,eget@Pellentesquetincidunt.co.uk,P.O. Box 219  2413 Egestas Rd.,548,105,Wie,65171,Vienna,Munster,7001438999,4530783658,jumtest.jpg,10068,isc,fringilla ornare placerat  orci lacus vestibulum lorem  sit amet ultricies,1,649043858,Aquila Dale,ac facilisis facilisis  magna tellus faucibus,1
Zena,Glover,Herring,4306568,1999-09-29,M,Maecenas@Nullamlobortis.org,895-9214 Neque. Avenue,681,539,Connacht,E1R 3W8,Galway,Maryland,2949417087,1829565563,jumtest.jpg,10069,der,diam. Pellentesque habitant morbi tristique senectus et netus et malesuada,1,8609231049,Nyssa Jimenez,lectus ante dictum mi  ac mattis velit,1
Nero,Vang,Alvarez,8601799,1999-09-30,M,molestie@ornare.org,6546 Orci. Road,383,382,ON,14508,Kingston,CA,4644899402,3591683040,jumtest.jpg,10070,arq,sollicitudin adipiscing ligula. Aenean gravida nunc sed pede. Cum sociis,1,2345100259,Bernard Lee,vel  faucibus id  libero. Donec consectetuer mauris,1
Ann,Ryan,Walsh,2896715,1999-10-01,F,molestie.in.tempus@volutpatnuncsit.net,Ap #709-415 Lorem  Rd.,813,475,Indiana,1603 FL,South Bend,LA,9460499948,9197736732,jumtest.jpg,10071,der,vel  vulputate eu  odio. Phasellus at augue id ante dictum,1,5425768484,Ann Goodwin,magnis dis parturient montes  nascetur ridiculus mus. Proin,1
Jerry,Cameron,Avila,5158832,1999-10-02,F,Sed@arcuet.ca,P.O. Box 880  6948 Sed Street,779,721,G,51013,Liberia,TAA,593360385,9410516710,jumtest.jpg,10072,neg,fringilla ornare placerat  orci lacus vestibulum lorem  sit amet ultricies,1,3111165639,Drake Riley,cursus et  eros. Proin ultrices. Duis volutpat nunc sit amet,1
Ulysses,Sheppard,Crosby,2367875,1999-10-03,F,vestibulum.nec.euismod@MorbivehiculaPellentesque.ca,1526 Donec Road,39,827,Balƒ±kesir,97129,Edremit,ON,9602686063,7015331286,jumtest.jpg,10073,adm,malesuada. Integer id magna et ipsum cursus vestibulum. Mauris magna.,1,3790465029,Clarke Leblanc,ipsum sodales purus  in molestie tortor nibh sit amet orci.,1
Victor,Quinn,Mccarthy,1025959,1999-10-04,M,neque.et@temporlorem.org,P.O. Box 299  8140 Urna  Av.,568,432,Lubelskie,45506-895,Che≈Çm,V√§stra G√∂talands l√§n,9449407969,7928479001,jumtest.jpg,10074,ind,nunc  ullamcorper eu  euismod ac  fermentum vel  mauris. Integer sem,1,5084037333,Tate Lee,tempor  est ac mattis semper  dui lectus,1
Cooper,Baxter,Jones,4899954,1999-10-05,F,mauris.elit@ullamcorpervelit.ca,7682 Risus Road,430,529,V√§stra G√∂talands l√§n,34604,Trollh√§ttan,SI,1518233972,3046100136,jumtest.jpg,10075,arq,auctor velit. Aliquam nisl. Nulla eu neque pellentesque massa lobortis,1,4843411722,Ulla Dale,In nec orci. Donec nibh. Quisque nonummy ipsum non,1
Willa,Tanner,Pierce,4483897,1999-10-06,F,luctus.ipsum@Nullasemper.net,4221 Amet  Rd.,371,848,LX,18478,Villers-sur-Semois,AB,8123086535,6858200923,jumtest.jpg,10076,mer,risus odio  auctor vitae  aliquet nec  imperdiet nec  leo. Morbi,1,5825733510,Deanna Browning,congue. In scelerisque scelerisque dui. Suspendisse ac,1
Lars,Kramer,Matthews,9994112,1999-10-07,F,venenatis@vehicularisus.net,Ap #589-8610 Dictum Rd.,171,447,LK,1388,Motherwell,Wie,8151812413,4370531486,jumtest.jpg,10077,neg,ullamcorper viverra. Maecenas iaculis aliquet diam. Sed diam lorem  auctor,1,6344368509,Josiah Kelly,ornare sagittis felis. Donec tempor  est ac mattis semper ,1
Knox,Reyes,Wilcox,6842716,1999-10-08,M,Cras@volutpat.edu,2287 Torquent Rd.,205,284,CE,82580,Fortaleza,NO,4283836527,3748607187,jumtest.jpg,10078,der,lorem  auctor quis  tristique ac  eleifend vitae  erat. Vivamus nisi.,1,1532561077,Kamal Talley,eu dui. Cum sociis natoque penatibus,1
Winter,Christensen,Mcleod,8001605,1999-10-09,F,Integer.sem@dolordapibusgravida.org,P.O. Box 461  311 Nec Av.,102,991,DO,479369,Weymouth,Wie,9936586247,7888152277,jumtest.jpg,10079,isc,faucibus leo  in lobortis tellus justo sit amet nulla. Donec,1,3930760934,Calvin Evans,massa. Vestibulum accumsan neque et nunc. Quisque,1
Nero,Francis,Logan,1244077,1999-10-10,M,purus.in.molestie@Maurisut.co.uk,Ap #783-3980 Eu  St.,631,881,Namen,339767,Bothey,Imo,5590703616,6579361684,jumtest.jpg,10080,der,et magnis dis parturient montes  nascetur ridiculus mus. Donec dignissim,1,4694722965,Pandora Valentine,Morbi non sapien molestie orci tincidunt,1
Inez,Melendez,Hinton,7396144,1999-10-11,F,taciti.sociosqu.ad@necmalesuadaut.co.uk,499-6172 Sapien Ave,861,839,Vienna,822766,Vienna,Stirlingshire,297234804,4584483511,jumtest.jpg,10081,adm,fames ac turpis egestas. Aliquam fringilla cursus purus. Nullam scelerisque,1,1409770529,Raven Mcknight,sem. Nulla interdum. Curabitur dictum. Phasellus in felis. Nulla tempor,1
Cameran,Dickson,Morris,647797,1999-10-12,M,risus.Nunc.ac@felisDonectempor.edu,Ap #136-9782 Tortor  Rd.,289,172,PD,8631,≈Åom≈ºa,NI,4915072166,9281600216,jumtest.jpg,10082,fis,nonummy ut  molestie in  tempus eu  ligula. Aenean euismod mauris,1,355585014,Arden Padilla,a  aliquet vel  vulputate eu  odio.,1
Kuame,Charles,Dean,1575637,1999-10-13,F,fames.ac.turpis@insodales.com,501-6119 Praesent Rd.,233,915,Punjab,4941,Mandi Burewala,SlƒÖskie,5888979973,6716681995,jumtest.jpg,10083,isc,nisl. Maecenas malesuada fringilla est. Mauris eu turpis. Nulla aliquet.,1,3778145653,Colton Yang,hendrerit id  ante. Nunc mauris sapien  cursus in  hendrerit,1
Yuri,Ayers,Bishop,4448679,1999-10-14,M,vitae.aliquet@iaculis.com,8535 Duis Ave,370,341,North Island,123385,Whakatane,Assam,1818972749,2302340272,jumtest.jpg,10084,arq,parturient montes  nascetur ridiculus mus. Proin vel arcu eu odio,1,5002783883,Kiayada Caldwell,magna. Duis dignissim tempor arcu. Vestibulum ut eros,1
Griffin,Simpson,Booker,2796019,1999-10-15,F,placerat.Cras.dictum@sitamet.com,7086 Quis St.,100,627,QC,90762,Deschambault,Imo,6790558361,3813843996,jumtest.jpg,10085,ind,erat neque non quam. Pellentesque habitant morbi tristique senectus et,1,4160059399,Martina Allen,at arcu. Vestibulum ante ipsum primis,1
Rinah,Marquez,Riggs,4701754,1999-10-16,M,Sed.diam@quisdiam.co.uk,7148 Mollis Av.,677,119,Guanacaste,84326,Nicoya,CT,8696596404,9551881295,jumtest.jpg,10086,arq,in felis. Nulla tempor augue ac ipsum. Phasellus vitae mauris,1,6403715789,Nell Patton,iaculis nec  eleifend non  dapibus rutrum ,1
Willa,House,Mason,4754547,1999-10-17,F,nec.tempus.scelerisque@justo.edu,P.O. Box 710  4393 Sollicitudin Rd.,83,404,West-Vlaanderen,33971,Kortrijk,Northwest Territories,4484354138,3973696935,jumtest.jpg,10087,arq,ac  eleifend vitae  erat. Vivamus nisi. Mauris nulla. Integer urna.,1,1678156398,Kiona Glenn,mauris sapien  cursus in  hendrerit consectetuer  cursus et ,1
Dominic,Johns,Coleman,7336373,1999-10-18,F,nunc.ac.mattis@tinciduntpedeac.ca,4200 Aenean Ave,220,337,Champagne-Ardenne,V1S 6K1,Ch√¢lons-en-Champagne,Hamburg,5594372942,8279452334,jumtest.jpg,10088,mer,a tortor. Nunc commodo auctor velit. Aliquam nisl. Nulla eu,1,2649962421,Merrill Macdonald,magna tellus faucibus leo  in lobortis tellus justo sit,1
Gloria,Vasquez,Avila,1312729,1999-10-19,F,vulputate@diamdictum.com,396-7836 Vestibulum Road,156,276,Alberta,7851,Calgary,New South Wales,2979947174,4350689611,jumtest.jpg,10089,adm,Quisque imperdiet  erat nonummy ultricies ornare  elit elit fermentum risus ,1,4715907430,Meredith Landry,Etiam ligula tortor  dictum eu  placerat eget  venenatis a ,1
Scarlett,Parks,Giles,9597646,1999-10-20,M,lorem.ipsum@Nunc.org,8516 Quisque Rd.,158,345,Noord Brabant,7401,Heusden,ON,8052096945,2043769712,jumtest.jpg,10090,isc,Maecenas iaculis aliquet diam. Sed diam lorem  auctor quis  tristique,1,2131375028,Karly Carney,egestas. Aliquam nec enim. Nunc ut erat. Sed,1
Evelyn,Copeland,Durham,9522540,1999-10-21,F,eros.nec.tellus@Duis.co.uk,623-8162 In Av.,828,136,RS,5222,Gravata√≠,Imo,8771388080,6593185739,jumtest.jpg,10091,mer,sit amet  consectetuer adipiscing elit. Curabitur sed tortor. Integer aliquam,1,5670212653,Brenden Hopper,tincidunt congue turpis. In condimentum. Donec at,1
Ivana,Massey,Campbell,2762114,1999-10-22,F,pharetra@Phasellus.ca,385 Nullam Ave,799,577,RM,623676,Isla de Maipo,NI,8720710418,8718212260,jumtest.jpg,10092,for,Donec felis orci  adipiscing non  luctus sit amet  faucibus ut ,1,5402241327,Freya Hobbs,est  congue a  aliquet vel  vulputate eu  odio.,1
Austin,Woodard,Salazar,2015135,1999-10-23,M,dolor@etmagnisdis.net,Ap #907-8243 Ultricies St.,574,150,MA,11507,Warszawa,MG,9626302359,2970362129,jumtest.jpg,10093,fis,ad litora torquent per conubia nostra  per inceptos hymenaeos. Mauris,1,1142145212,Fatima Drake,egestas. Aliquam fringilla cursus purus. Nullam scelerisque,1
Ali,Byrd,Clark,8513381,1999-10-24,M,vestibulum.lorem@quisturpis.co.uk,P.O. Box 710  2881 Imperdiet Avenue,869,857,Delaware,76663,Dover,DS,3865305429,4389611070,jumtest.jpg,10094,anim,gravida. Praesent eu nulla at sem molestie sodales. Mauris blandit,1,9508560278,Joelle Morris,ante lectus convallis est  vitae sodales nisi magna sed,1
Mohammad,Goodman,Calhoun,7534266,1999-10-25,F,mi.pede.nonummy@intempus.co.uk,Ap #514-5515 Ullamcorper. Rd.,136,643,SI,99699,Greymouth,NE,9809694637,6076221149,jumtest.jpg,10095,ind,Maecenas malesuada fringilla est. Mauris eu turpis. Nulla aliquet. Proin,1,7242696471,Violet Reese,at pretium aliquet  metus urna convallis erat ,1
Ryan,James,William,2727542,1999-10-26,M,parturient.montes@dignissimpharetraNam.edu,1608 Magna. Avenue,626,263,Leicestershire,4540,Lutterworth,Gl,7693166942,6471181285,jumtest.jpg,10096,der,eget massa. Suspendisse eleifend. Cras sed leo. Cras vehicula aliquet,1,7739587073,Moses Gamble,neque non quam. Pellentesque habitant morbi tristique senectus,1
Marcia,Richardson,Larsen,4928378,1999-10-27,M,ultricies.adipiscing@magna.com,3145 Neque. St.,734,277,WV,78503,Damme,Comunitat Valenciana,9197448601,2749910589,jumtest.jpg,10097,mer,lorem vitae odio sagittis semper. Nam tempor diam dictum sapien.,1,109177794,Jacob Kelley,mi. Aliquam gravida mauris ut mi. Duis risus odio  auctor,1
Harrison,Faulkner,Ewing,3516942,1999-10-28,M,metus@ut.edu,P.O. Box 242  3643 Nascetur Avenue,757,509,O√ñ.,33432,Bad Ischl,Connacht,9217253823,3666212916,jumtest.jpg,10098,der,ligula. Aenean gravida nunc sed pede. Cum sociis natoque penatibus,1,8512409547,Kieran Coffey,Nullam lobortis quam a felis ullamcorper viverra.,1
Curran,Becker,Carr,4747925,1999-10-29,F,montes.nascetur.ridiculus@anteVivamusnon.ca,355-2555 Ridiculus Av.,311,167,Gelderland,75998,Arnhem,Rutland,8474001667,9964785365,jumtest.jpg,10099,ind,ipsum sodales purus  in molestie tortor nibh sit amet orci.,1,4076594695,Raya Becker,ornare tortor at risus. Nunc ac,1
Orson,Sparks,Nelson,3031548,1999-10-30,M,libero@ac.net,742-8669 Mollis. Street,388,723,TX,88-119,San Antonio,VT,7448041640,6279462195,jumtest.jpg,10100,neg,vulputate  lacus. Cras interdum. Nunc sollicitudin commodo ipsum. Suspendisse non,1,9805224636,Charde Mayo,Mauris blandit enim consequat purus. Maecenas libero est  congue a ,1
